{
  "folder": "lysrl3C0hCHYlchp",
  "name": "Aegis",
  "type": "race",
  "_id": "FGAEESikay0PhfcI",
  "img": "modules/odyssey/artwork/ra%C3%A7as/aegiss.png",
  "system": {
    "description": {
      "value": "<blockquote><p><em>\"Nascidos da essência do demônio primordial, forjados em corpos que mal conseguem contê-los, os Aegis são tempestades aprisionadas em forma mortal.\"</em></p></blockquote><p style=\"text-align:justify\">Com pouco mais de <strong>cem mil indivíduos</strong> conhecidos, os Aegis são uma das raças mais raras e dispersas entre os Reinos. Vivem em <strong>reclusão deliberada</strong>, ocultando sua verdadeira natureza sob aparências humanoides. Sua presença é mais forte em <strong>Helheim</strong>, onde a energia primordial ainda ecoa, e em <strong>Alfheim</strong>, onde a magia refinada dos elfos ajuda a suprar sua assinatura energética.</p><p style=\"text-align:justify\">Como descendentes diretos do <strong>demônio primordial Aegides</strong>, os Aegis carregam uma herança genética densa e perigosa. Seus corpos são <strong>vasos transbordantes de Éther</strong>, com reservatórios que rivalizam até mesmo com os dos <strong>dragões antigos</strong>. Essa abundância de energia primordial os torna alvos cobiçados e seres com potencial bruto.</p><p>Dentre todos os Aegis, nenhum alcançou tanto dominio quanto <strong>Oporia Zelos</strong>. Dizem que sua forma verdadeira é tão vasta que, quando liberada, <strong>seu corpo se estende como uma sombra sobre cidades inteiras</strong>.</p><h3>Características</h3><ul><li><p><strong>Tipo</strong>: Variado</p></li><li><p><strong>Tamanho</strong>: Variável</p></li><li><p><strong>Lingua</strong>: Começa com a lingua do abismo e uma lingua de sua escolha</p></li></ul><h3>Traços</h3><p>Como aegis, você recebe características únicas.</p><p><strong>Titanificação</strong>: Assuma sua forma verdadeira durante uma vez por combate, uma quantidade de vezes ao dia equivalente a metade do seu modificador de constituição</p><p><strong>Poliformo</strong>: Você não possui uma forma fisica definitiva, é capaz de controlar seu involucro completamente e da maneira que desejar</p><p><strong>Assexuado</strong>: Aegis não possuem sexo nem genero, você é imune a charmes</p><p><strong>Longevidade:</strong> Aegis possuem uma vitalidade elevada por conta de seus reservatórios de Éther, você não precisa dormir e recebe +2 pontos em Constituição</p><p><strong>Hipercarregado</strong>: Seus reservatorios de Éther são colossais, possui 50% pontos de spell a mais que o normal e é proficiente em Arcanismo</p>",
      "chat": ""
    },
    "identifier": "aegis",
    "source": {
      "revision": 1,
      "rules": "2024",
      "book": "Odyssey",
      "page": "",
      "custom": "",
      "license": ""
    },
    "advancement": [
      {
        "type": "AbilityScoreImprovement",
        "_id": "KwFgf57KE6Se0WJQ",
        "configuration": {
          "cap": 5,
          "fixed": {
            "FOR": 0,
            "DES": 0,
            "CON": 2,
            "INT": 0,
            "SAN": 0,
            "str": 0,
            "dex": 0,
            "con": 2,
            "int": 0,
            "san": 0
          },
          "locked": [],
          "points": 5
        },
        "value": {
          "type": "asi"
        },
        "level": 0,
        "title": "Pontos Iniciais",
        "hint": ""
      },
      {
        "type": "ItemGrant",
        "_id": "L8eoSPxe8S5KWibD",
        "configuration": {
          "items": [
            {
              "uuid": "Item.WJNi0lsbgvCtZsYL",
              "optional": false
            },
            {
              "uuid": "Item.2dEb23NwfBPxN1Gh",
              "optional": false
            },
            {
              "uuid": "Item.iwrdnX9ZnBIJTIvy",
              "optional": false
            }
          ],
          "optional": false,
          "spell": null
        },
        "value": {},
        "level": 0,
        "title": "Habilidades de Aegis",
        "hint": ""
      },
      {
        "type": "Trait",
        "_id": "9JraQbpSevYK9FUM",
        "configuration": {
          "allowReplacements": false,
          "choices": [],
          "grants": [
            "skills:arc"
          ],
          "mode": "default"
        },
        "level": 0,
        "title": "Hipercarregado",
        "hint": "",
        "value": {}
      },
      {
        "type": "Trait",
        "_id": "sUZhr4rSrxh5JPy8",
        "configuration": {
          "allowReplacements": false,
          "choices": [
            {
              "count": 1,
              "pool": [
                "languages:standard:*"
              ]
            }
          ],
          "grants": [
            "languages:exotic:abyssal"
          ],
          "mode": "default"
        },
        "level": 0,
        "title": "Linguagem Abissal e Comum",
        "hint": "",
        "value": {}
      }
    ],
    "movement": {
      "burrow": null,
      "climb": null,
      "fly": null,
      "swim": 1,
      "walk": 1,
      "units": "m",
      "hover": false
    },
    "senses": {
      "darkvision": null,
      "blindsight": null,
      "tremorsense": null,
      "truesight": 1,
      "units": "m",
      "special": ""
    },
    "type": {
      "value": "humanoid"
    }
  },
  "effects": [],
  "flags": {
    "custom-dnd5e": {
      "olfato": null,
      "audicao": null,
      "sexto": null
    }
  },
  "_stats": {
    "compendiumSource": null,
    "duplicateSource": null,
    "exportSource": null,
    "coreVersion": "13.345",
    "systemId": "dnd5e",
    "systemVersion": "5.0.4",
    "modifiedTime": 1750912584572,
    "lastModifiedBy": "1z5emeMuf1JdR8Uq"
  },
  "sort": 0,
  "ownership": {
    "default": 0,
    "ldrrFEDh7PeKU8fY": 3
  }
}