{
  "folder": "WroNrFVNkun8kN8A",
  "name": "Anão",
  "type": "race",
  "_id": "K9hDiL4jAZXTMFdR",
  "img": "systems/dnd5e/icons/svg/items/race.svg",
  "system": {
    "description": {
      "value": "",
      "chat": ""
    },
    "identifier": "anao",
    "source": {
      "revision": 1,
      "rules": "2024"
    },
    "advancement": [
      {
        "type": "AbilityScoreImprovement",
        "_id": "0chaZugotHToXIYH",
        "configuration": {
          "cap": 2,
          "fixed": {},
          "locked": [],
          "points": 0
        },
        "value": {
          "type": "asi"
        },
        "level": 0
      },
      {
        "type": "Size",
        "_id": "HqDo2DWXsuu9QLC3",
        "configuration": {
          "sizes": [
            "med"
          ]
        },
        "level": 0,
        "value": {}
      },
      {
        "type": "Trait",
        "configuration": {
          "grants": [
            "languages:standard:common"
          ],
          "allowReplacements": false,
          "choices": [],
          "mode": "default"
        },
        "_id": "7e3gdLqy2APEQzMz",
        "level": 0,
        "value": {}
      }
    ],
    "movement": {
      "burrow": null,
      "climb": null,
      "fly": null,
      "swim": null,
      "walk": null,
      "units": "m",
      "hover": false
    },
    "senses": {
      "darkvision": null,
      "blindsight": null,
      "tremorsense": null,
      "truesight": null,
      "units": "m",
      "special": ""
    },
    "type": {
      "value": "humanoid"
    }
  },
  "effects": [],
  "flags": {},
  "_stats": {
    "compendiumSource": null,
    "duplicateSource": null,
    "exportSource": null,
    "coreVersion": "13.345",
    "systemId": "dnd5e",
    "systemVersion": "5.0.3",
    "createdTime": 1750895584715,
    "modifiedTime": 1750895584715,
    "lastModifiedBy": "ldrrFEDh7PeKU8fY"
  },
  "sort": 0,
  "ownership": {
    "default": 0,
    "ldrrFEDh7PeKU8fY": 3
  }
}