{
  "folder": "lysrl3C0hCHYlchp",
  "name": "Demonio",
  "type": "race",
  "_id": "TgeMsJaDJHVBhpG3",
  "img": "modules/odyssey/artwork/ra%C3%A7as/demonnio.png",
  "system": {
    "description": {
      "value": "<blockquote><p><em>\"Pele de brasa, chifres como coroas, olhos que queimam com o fogo da criação — não são meros monstros, mas uma civilização ancestral que molda o caos com hierarquia.\"</em></p></blockquote><p style=\"text-align:justify\">Os demônios reinam absolutos em <strong>Helheim</strong>, um plano onde a energia primordial se condensa em rios gélidos e tempestades de Éther cristalizado. Raramente são vistos em outros reinos, e quando aparecem, sua presença abala as leis naturais ao redor. Não há padrão físico para eles, alguns ostentam <strong>chifres</strong>, <strong>caudas</strong>, ou <strong>asas</strong>, mas o comum é todos os demonios possuem uma cor de pele única e cada cor é associada à uma <strong>casa</strong> e <strong>linhagem</strong> <strong>demoníaca</strong>.</p><p style=\"text-align:justify\">Apesar de sua aparência, a sociedade demoníaca é surpreendentemente <strong>pacífica</strong> internamente. Os conflitos são travados entre suas linhagens, seguindo um sistema de <strong>hierarquia</strong> baseado nas <strong>cores</strong> de pele. As casas <strong>Vermelha</strong> e <strong>Azul</strong> destacam-se como as mais poderosas e rivais, em uma disputa eterna por influência. Enquanto isso, a casa <strong>Branca</strong> <strong>&amp;</strong> <strong>Preta</strong> mantém-se neutra, guardada por demônios cuja idade e poder transcendem as guerras.</p><p>Entre todos os demônios, nenhum alcançou um nível de poder tão absoluto quanto <strong>Vatto Sangar</strong>. Não apenas ele é reconhecido como o <strong>demônio mais forte de Helheim</strong>, mas também como <strong>o maior mago da atualidade.</strong></p><h3>Características</h3><ul><li><p><strong>Tipo</strong>: Humanoide</p></li><li><p><strong>Tamanho</strong>: Variado</p></li><li><p><strong>Lingua</strong>: Começa com a lingua incolor se não for um demonio vermelho ou azul</p></li></ul><h3>Traços</h3><p>Como demonio, você recebe características únicas.</p><p><strong>Possessão Demoniaca</strong>: Você é capaz de possuir seres mais fracos do que você</p><p><strong>Metamorfismo: </strong>Você é capaz de controlar e manipular seu corpo e sua forma</p><p><strong>Longevidade:</strong> Você possui vitalidade superior sendo um demonio, recebe +2 pontos em Constituição e não possui sinais de envelhecimento</p><p><strong>Aspecto Físico ou Aspecto Mágico: </strong>Demonios possuem duas naturezas que disputam entre si, a depender da sua coloração, uma delas é a sua principal e é dela que você herda a maior parte de suas características.</p><ul><li><p><strong>Aspecto Físico</strong>: +2 Pontos em Força e tem a proficiencia Luta e Ocultismo</p></li><li><p><strong>Aspecto Mágico</strong>: +2 em Inteligência e tem a proficiencia Arcanismo e Ocultismo</p></li></ul>",
      "chat": ""
    },
    "identifier": "demonio",
    "source": {
      "revision": 1,
      "rules": "2024",
      "book": "Odyssey",
      "page": "",
      "custom": "",
      "license": ""
    },
    "advancement": [
      {
        "type": "AbilityScoreImprovement",
        "_id": "a6WeHi6LzH74PWcW",
        "configuration": {
          "cap": 5,
          "fixed": {
            "FOR": 0,
            "DES": 0,
            "CON": 2,
            "INT": 0,
            "SAN": 0,
            "str": 0,
            "dex": 0,
            "con": 2,
            "int": 0,
            "san": 0
          },
          "locked": [],
          "points": 5
        },
        "value": {
          "type": "asi"
        },
        "level": 0,
        "title": "Pontos Iniciais",
        "hint": ""
      },
      {
        "type": "ItemChoice",
        "_id": "LJX9VWI7beMX8X8K",
        "configuration": {
          "allowDrops": false,
          "choices": {
            "0": {
              "count": 1,
              "replacement": false
            }
          },
          "pool": [
            {
              "uuid": "Item.XrLCXNOSeeHXm2gT"
            },
            {
              "uuid": "Item.IHruae1x04Vi5Dqu"
            }
          ],
          "spell": null,
          "type": "feat",
          "restriction": {
            "type": "race"
          }
        },
        "value": {
          "added": {},
          "replaced": {}
        },
        "title": "Aspecto",
        "hint": ""
      },
      {
        "type": "Trait",
        "_id": "uDtTcTxTPJKS8VXl",
        "configuration": {
          "allowReplacements": false,
          "choices": [],
          "grants": [
            "languages:standard:common"
          ],
          "mode": "default"
        },
        "level": 0,
        "title": "Dialeto Demoniaco",
        "hint": "",
        "value": {}
      },
      {
        "type": "ItemGrant",
        "_id": "aEtu6ETghbWYk6pw",
        "configuration": {
          "items": [
            {
              "uuid": "Item.qbhtnZ2UPafIuXKJ",
              "optional": false
            },
            {
              "uuid": "Item.HCb8GMQ1BvY2vTE8",
              "optional": false
            }
          ],
          "optional": false,
          "spell": null
        },
        "value": {},
        "level": 0,
        "title": "Habilidades Demoniacas",
        "hint": ""
      },
      {
        "type": "Trait",
        "_id": "8nyEoGbvCbluDhYR",
        "configuration": {
          "allowReplacements": false,
          "choices": [
            {
              "count": 1,
              "pool": [
                "skills:arc",
                "skills:mel"
              ]
            }
          ],
          "grants": [
            "skills:occ"
          ],
          "mode": "default"
        },
        "level": 0,
        "title": "Aspecto",
        "hint": "",
        "value": {}
      }
    ],
    "movement": {
      "burrow": null,
      "climb": null,
      "fly": null,
      "swim": 1,
      "walk": 1,
      "units": "m",
      "hover": false
    },
    "senses": {
      "darkvision": 1,
      "blindsight": null,
      "tremorsense": null,
      "truesight": null,
      "units": "m",
      "special": ""
    },
    "type": {
      "value": "humanoid"
    }
  },
  "effects": [],
  "flags": {
    "custom-dnd5e": {
      "olfato": null,
      "audicao": null,
      "sexto": 1
    }
  },
  "_stats": {
    "compendiumSource": null,
    "duplicateSource": null,
    "exportSource": null,
    "coreVersion": "13.345",
    "systemId": "dnd5e",
    "systemVersion": "5.0.4",
    "modifiedTime": 1750912584572,
    "lastModifiedBy": "1z5emeMuf1JdR8Uq"
  },
  "sort": 0,
  "ownership": {
    "default": 0,
    "ldrrFEDh7PeKU8fY": 3
  }
}