{
  "folder": "lysrl3C0hCHYlchp",
  "name": "Draconiano",
  "type": "race",
  "_id": "uaVMECb2Qnwvzj2i",
  "img": "modules/odyssey/artwork/ra%C3%A7as/draconianno.png",
  "system": {
    "description": {
      "value": "<blockquote><p><em>\"Eles não conjuram feitiços — eles os regurgitam. Suas palavras não são orações, são erupções.\"</em></p></blockquote><p style=\"text-align:justify\">Conhecidos genericamente como <strong>draconianos</strong>, esses seres descendem tanto de dragões ancestrais quanto de demônios primordiais, compartilhando uma fisiologia única que os distingue de todas as outras raças. Predominantes em <strong>Muspelheim, Niflheim e Alfheim</strong>, sua biologia desafia as leis mágicas convencionais: enquanto a maioria das espécies canaliza o Éther através da corrente sanguínea, concentrando-o em um núcleo cardíaco, os draconianos <strong>armazenam sua energia mágica no estômago e no trato digestivo</strong>. Essa peculiaridade lhes confere habilidades excepcionais — e limitações igualmente marcantes.</p><h3>Características</h3><ul><li><p><strong>Tipo</strong>: Humanoide</p></li><li><p><strong>Tamanho</strong>: 1,60m a 2,05m</p></li><li><p><strong>Lingua</strong>: Começa com a lingua draconica</p></li></ul><h3>Traços</h3><p>Como draconiano, você recebe características únicas.</p><p><strong>Dragonificação</strong>: Você é capaz de se transformar e liberar sua forma draconica verdadeira uma vez por combate, um quantidade de vezes ao dia equivalente a metade do seu modificador de constituição</p><p><strong>Pele Escamosa</strong>: Como um draconiano, você tem resistencias fisicas elevadas a ataques cortantes, perfurantes e de impacto</p><p><strong>Estômago Draconico</strong>: Seu núcleo de Éther é formado no seu estomago, garantindo a você <strong>Cuspir Magia</strong>, <strong>Devorar Magia</strong> e a capacidade de devorar objetos normalmente incomuns</p><p><strong>Aspecto Primordial ou Aspecto Ancestral</strong>: Draconianos possuem duas linhagens distintas, mas ainda tratados como a mesma espécie, a principal diferença entre elas alem da característica física é a sua afinidade com a magia</p><ul><li><p><strong>Aspecto Primordial</strong>: Possuem varios pares de chifres em sua cabeça, possuem armadura mágica além de +2 pontos em Constituição</p></li><li><p><strong>Aspecto Ancestral</strong>: Herdaram asas membranosas e escamas iridescentes, possuem armadura natural além de +2 pontos em Inteligência</p></li></ul>",
      "chat": ""
    },
    "identifier": "draconiano",
    "source": {
      "revision": 1,
      "rules": "2024",
      "book": "Odyssey",
      "page": "",
      "custom": "",
      "license": ""
    },
    "advancement": [
      {
        "type": "Trait",
        "_id": "NbtS6fVBFie6zQdy",
        "configuration": {
          "allowReplacements": false,
          "choices": [],
          "grants": [
            "dr:bludgeoning",
            "dr:piercing",
            "dr:slashing"
          ],
          "mode": "default"
        },
        "level": 0,
        "title": "Pele Escamosa",
        "hint": "",
        "value": {}
      },
      {
        "type": "ItemGrant",
        "_id": "w9KqeztKbyBF521d",
        "configuration": {
          "items": [
            {
              "uuid": "Item.mG1iFpLW0G9Wq0a3",
              "optional": false
            },
            {
              "uuid": "Item.PQdEqw5hRCW4rbzl",
              "optional": false
            },
            {
              "uuid": "Item.tXWTBnvj5b5A2DJF",
              "optional": false
            },
            {
              "uuid": "Item.sJNmoCXrfne1dHA1",
              "optional": false
            }
          ],
          "optional": false,
          "spell": null
        },
        "value": {},
        "level": 0,
        "title": "Habilidades Draconianas",
        "hint": ""
      },
      {
        "type": "ItemChoice",
        "_id": "laIz3EE5Xl9CXUj2",
        "configuration": {
          "allowDrops": true,
          "choices": {
            "0": {
              "count": 1,
              "replacement": false
            }
          },
          "pool": [
            {
              "uuid": "Item.GT9zfwRBTn0vxpO2"
            },
            {
              "uuid": "Item.G73jPTNqJEWoIFZL"
            }
          ],
          "spell": null,
          "type": "feat",
          "restriction": {
            "type": "race"
          }
        },
        "value": {
          "added": {},
          "replaced": {}
        },
        "title": "Aspecto",
        "hint": ""
      },
      {
        "type": "AbilityScoreImprovement",
        "_id": "G02L6yLPkybPPtkP",
        "configuration": {
          "cap": 5,
          "fixed": {
            "FOR": 0,
            "DES": 0,
            "CON": 0,
            "INT": 0,
            "SAN": 0
          },
          "locked": [
            "SAN"
          ],
          "points": 5
        },
        "value": {
          "type": "asi"
        },
        "level": 0,
        "title": "Pontos Iniciais",
        "hint": ""
      }
    ],
    "movement": {
      "burrow": null,
      "climb": null,
      "fly": 1,
      "swim": 1,
      "walk": 1,
      "units": "m",
      "hover": false
    },
    "senses": {
      "darkvision": null,
      "blindsight": null,
      "tremorsense": null,
      "truesight": null,
      "units": "m",
      "special": ""
    },
    "type": {
      "value": "humanoid"
    }
  },
  "effects": [],
  "flags": {
    "custom-dnd5e": {
      "olfato": null,
      "audicao": null,
      "sexto": null
    }
  },
  "_stats": {
    "compendiumSource": null,
    "duplicateSource": null,
    "exportSource": null,
    "coreVersion": "13.345",
    "systemId": "dnd5e",
    "systemVersion": "5.0.4",
    "modifiedTime": 1750912584572,
    "lastModifiedBy": "1z5emeMuf1JdR8Uq"
  },
  "sort": 0,
  "ownership": {
    "default": 0,
    "ldrrFEDh7PeKU8fY": 3
  }
}