{
  "folder": "lysrl3C0hCHYlchp",
  "name": "Elfo Escuro",
  "type": "race",
  "_id": "V1oYkFz0wnDvJ40l",
  "img": "modules/odyssey/artwork/ra%C3%A7as/dark%20elf.png",
  "system": {
    "description": {
      "value": "<blockquote><p><em>\"Enquanto os elfos pálidos de Alfheim entoam cantos à lua, nós forjamos canções com o rangido de nossas lâminas. Eles acumulam conhecimento em bibliotecas; nós o gravamos em cicatrizes.\"</em></p></blockquote><p style=\"text-align:justify\">Os <strong>elfos negros</strong> são os únicos senhores de <strong>Svartalfheim</strong>, um reino de cidades-escarpa esculpidas em obsidiana, florestas de fungos bioluminescentes e rios de magma. Diferente de seus primos pálidos, <strong>não se espalham por outros reinos</strong> — sua sociedade é fechada, violenta e hierárquica, governada por uma teocracia de sacerdotes-guerreiros devotos ao <strong>Abismo</strong>.</p><h3>Características</h3><ul><li><p><strong>Tipo</strong>: Humanoide</p></li><li><p><strong>Tamanho</strong>: Entre 1,8m e 2,5m</p></li><li><p><strong>Lingua</strong>: Começa com a lingua elfica</p></li></ul><h3>Traços</h3><p>Como elfo escuro, você recebe características únicas.</p><p><strong>Grito de Guerra</strong>: Você tem a voz agressiva, firme e impulsiva, realize um grito de guerra e realize ações com vantagem pelos proximos três turnos</p><p><strong>Gloria da Guerra:</strong> Você possui +2 pontos em Força e é proficiente em Esotericismo, Luta e Atletismo.</p><p><strong>Longevidade</strong>: Elfos possuem uma vitalidade incomum, você não precisa dormir e magias de sono não funcionam em você.</p>",
      "chat": ""
    },
    "identifier": "elfo-escuro",
    "source": {
      "revision": 1,
      "rules": "2024",
      "book": "Odyssey",
      "page": "",
      "custom": "",
      "license": ""
    },
    "advancement": [
      {
        "type": "AbilityScoreImprovement",
        "_id": "zrdkCkT83XriZK4R",
        "configuration": {
          "cap": 5,
          "fixed": {
            "FOR": 2,
            "DES": 0,
            "CON": 0,
            "INT": 0,
            "SAN": 0,
            "str": 2,
            "dex": 0,
            "con": 0,
            "int": 0,
            "san": 0
          },
          "locked": [],
          "points": 5
        },
        "value": {
          "type": "asi"
        },
        "level": 0,
        "title": "Pontos Iniciais",
        "hint": ""
      },
      {
        "type": "ItemGrant",
        "_id": "pkDUI3SsMO5dEabr",
        "configuration": {
          "items": [
            {
              "uuid": "Item.CsVYtKqKMMBOsy8E",
              "optional": false
            }
          ],
          "optional": false,
          "spell": null
        },
        "value": {},
        "level": 0,
        "title": "Grito de Guerra",
        "hint": ""
      },
      {
        "type": "Trait",
        "_id": "INQh7PDcwJgprc3B",
        "configuration": {
          "allowReplacements": false,
          "choices": [],
          "grants": [
            "skills:ath",
            "skills:eso",
            "skills:mel"
          ],
          "mode": "default"
        },
        "level": 0,
        "title": "Gloria da Guerra",
        "hint": "",
        "value": {}
      },
      {
        "type": "Trait",
        "_id": "yOFnnio2CAq2Chjo",
        "configuration": {
          "allowReplacements": false,
          "choices": [],
          "grants": [
            "languages:standard:elvish"
          ],
          "mode": "default"
        },
        "level": 0,
        "title": "Lingua Élfica",
        "hint": "",
        "value": {}
      }
    ],
    "movement": {
      "burrow": null,
      "climb": null,
      "fly": null,
      "swim": 1,
      "walk": 1,
      "units": "m",
      "hover": false
    },
    "senses": {
      "darkvision": 1,
      "blindsight": null,
      "tremorsense": null,
      "truesight": 1,
      "units": "m",
      "special": ""
    },
    "type": {
      "value": "humanoid"
    }
  },
  "effects": [],
  "flags": {
    "custom-dnd5e": {
      "olfato": null,
      "audicao": null,
      "sexto": null
    }
  },
  "_stats": {
    "compendiumSource": null,
    "duplicateSource": null,
    "exportSource": null,
    "coreVersion": "13.345",
    "systemId": "dnd5e",
    "systemVersion": "5.0.4",
    "modifiedTime": 1750912584572,
    "lastModifiedBy": "1z5emeMuf1JdR8Uq"
  },
  "sort": 0,
  "ownership": {
    "default": 0,
    "ldrrFEDh7PeKU8fY": 3
  }
}