{
  "folder": "lysrl3C0hCHYlchp",
  "name": "Elfo Pálido",
  "type": "race",
  "_id": "fM7G5MkOpxsIagmG",
  "img": "modules/odyssey/artwork/ra%C3%A7as/high%20elf.png",
  "system": {
    "description": {
      "value": "<blockquote><p style=\"text-align:justify\"><em>\"Para os elfos, uma geração é um capítulo; para os mortais, é um livro inteiro.\"</em></p></blockquote><p style=\"text-align:justify\">Dominantes em <strong>Alfheim</strong>, os elfos espalham sua influência sutil por <strong>Midgard</strong> e outros reinos, sendo reconhecidos como uma das raças mais intelectualmente e magicamente avançadas. Sua maestria arcana só é superada em poder bruto pelos <strong>Aegis</strong>, mas sua sofisticação e profundidade de conhecimento permanecem insuperáveis.</p><h3>Características</h3><ul><li><p><strong>Tipo</strong>: Humanoide</p></li><li><p><strong>Tamanho</strong>: Entre 1,8m e 2,5m</p></li><li><p><strong>Lingua</strong>: Começa com a lingua elfica</p></li></ul><h3>Traços</h3><p>Como elfo pálido, você recebe características únicas.</p><p><strong>Canto Élfico</strong>: Elfos possuem uma voz serena e mágica, podendo realizar canticos e fazer seus alvos sentirem sono</p><p><strong>Graça Élfica:</strong> Você possui +2 pontos em Inteligência e é proficiente em Arcanismo, Percepção e Intuição.</p><p><strong>Longevidade</strong>: Elfos possuem uma vitalidade incomum, você não precisa dormir e magias de sono não funcionam em você</p>",
      "chat": ""
    },
    "identifier": "elfo-palido",
    "source": {
      "revision": 1,
      "rules": "2024",
      "book": "Odyssey",
      "page": "",
      "custom": "",
      "license": ""
    },
    "advancement": [
      {
        "type": "AbilityScoreImprovement",
        "_id": "UAKw9UYcGhYCALDP",
        "configuration": {
          "cap": 5,
          "fixed": {
            "FOR": 0,
            "DES": 0,
            "CON": 0,
            "INT": 2,
            "SAN": 0,
            "str": 0,
            "dex": 0,
            "con": 0,
            "int": 2,
            "san": 0
          },
          "locked": [],
          "points": 5
        },
        "value": {
          "type": "asi"
        },
        "level": 0,
        "title": "Pontos Iniciais",
        "hint": ""
      },
      {
        "type": "Trait",
        "_id": "i6HcC6FnGlOSGCvQ",
        "configuration": {
          "allowReplacements": false,
          "choices": [],
          "grants": [
            "skills:arc",
            "skills:ins",
            "skills:prc"
          ],
          "mode": "default"
        },
        "level": 0,
        "title": "Graça Élfica",
        "hint": "",
        "value": {}
      },
      {
        "type": "Trait",
        "_id": "vBGrrD0xXBeqTuQ2",
        "configuration": {
          "allowReplacements": false,
          "choices": [],
          "grants": [
            "languages:standard:common",
            "languages:standard:elvish"
          ],
          "mode": "default"
        },
        "level": 0,
        "title": "Lingua Élfica",
        "hint": "",
        "value": {}
      },
      {
        "type": "ItemGrant",
        "_id": "zVfTt47ZDBsSqbgM",
        "configuration": {
          "items": [
            {
              "uuid": "Item.J6nabJdfTkWj0CAJ",
              "optional": false
            }
          ],
          "optional": false,
          "spell": null
        },
        "value": {},
        "level": 0,
        "title": "Canto Élfico",
        "hint": ""
      }
    ],
    "movement": {
      "burrow": null,
      "climb": null,
      "fly": null,
      "swim": 1,
      "walk": 1,
      "units": "m",
      "hover": false
    },
    "senses": {
      "darkvision": 1,
      "blindsight": null,
      "tremorsense": null,
      "truesight": 1,
      "units": "m",
      "special": ""
    },
    "type": {
      "value": "humanoid"
    }
  },
  "effects": [],
  "flags": {
    "custom-dnd5e": {
      "olfato": null,
      "audicao": null,
      "sexto": null
    }
  },
  "_stats": {
    "compendiumSource": null,
    "duplicateSource": null,
    "exportSource": null,
    "coreVersion": "13.345",
    "systemId": "dnd5e",
    "systemVersion": "5.0.4",
    "modifiedTime": 1750913647847,
    "lastModifiedBy": "odw45itaB3F6wigj"
  },
  "sort": 0,
  "ownership": {
    "default": 0,
    "ldrrFEDh7PeKU8fY": 3
  }
}