{
  "folder": "lysrl3C0hCHYlchp",
  "name": "Humano",
  "type": "race",
  "_id": "Su5UywRsu9RxiWWW",
  "img": "modules/odyssey/artwork/ra%C3%A7as/human.png",
  "system": {
    "description": {
      "value": "<blockquote><p style=\"text-align:justify\"><em>\"Pai, perdoa-lhes, porque não sabem o que fazem.\"</em></p></blockquote><p style=\"text-align:justify\">Os humanos são a espécie mais comum e predominante em Midgard, embora sejam menos numerosos nos outros reinos. Eles se destacam como uma raça inteligente, amplamente reconhecida por sua notável capacidade de resolução de problemas e adaptabilidade às mais diversas situações.</p><p class=\"ds-markdown-paragraph\" style=\"text-align:justify\">Segundo as lendas antigas, os humanos foram uma das primeiras criações dos Deuses, juntamente com os Dez Reinos. Como bênção divina, lhes foi concedido o dom de uma vida próspera e o potencial para grandes conquistas.</p><p class=\"ds-markdown-paragraph\" style=\"text-align:justify\">Entre todos os humanos, o mais poderoso foi o meio-sangue Jesus Cristo. Seu trágico e brutal assassinato marcou um ponto crucial na história, sendo considerado o evento catalisador que deu início à Odisséia Cornucópia - um período de grandes transformações e provações para todos os reinos.</p><h3>Características</h3><ul><li><p><strong>Tipo</strong>: Humanoide</p></li><li><p><strong>Tamanho</strong>: Entre 1,45m e 1,95m</p></li><li><p><strong>Lingua: </strong>Começa com uma lingua comum da sua escolha</p></li></ul><h3>Traços</h3><p>Como humano, você recebe características únicas.</p><p><strong>Benção Divina</strong>: Você, sendo amado por Jesus Cristo, começa com a expertise <strong>Religião</strong>.</p>",
      "chat": ""
    },
    "identifier": "humano",
    "source": {
      "revision": 1,
      "rules": "2024",
      "book": "Odyssey",
      "page": "",
      "custom": "",
      "license": ""
    },
    "advancement": [
      {
        "type": "AbilityScoreImprovement",
        "_id": "HrYehpKLyED6NA5Q",
        "configuration": {
          "cap": 5,
          "fixed": {
            "FOR": 0,
            "DES": 0,
            "CON": 0,
            "INT": 0,
            "SAN": 0
          },
          "locked": [
            "SAN"
          ],
          "points": 5
        },
        "value": {
          "type": "asi"
        },
        "level": 0,
        "title": "Pontos Iniciais",
        "hint": ""
      },
      {
        "type": "Trait",
        "_id": "WP8bwPIvcUFUOBdJ",
        "configuration": {
          "allowReplacements": false,
          "choices": [],
          "grants": [
            "skills:rel"
          ],
          "mode": "expertise"
        },
        "level": 0,
        "title": "Benção Divina",
        "hint": "",
        "value": {}
      },
      {
        "type": "Trait",
        "_id": "ih2PiCkrDwp3vFyx",
        "configuration": {
          "allowReplacements": false,
          "choices": [
            {
              "count": 1,
              "pool": [
                "languages:standard:*"
              ]
            }
          ],
          "grants": [],
          "mode": "default"
        },
        "level": 0,
        "title": "Lingua Comum Humana",
        "hint": "",
        "value": {}
      }
    ],
    "movement": {
      "burrow": null,
      "climb": null,
      "fly": null,
      "swim": 1,
      "walk": 1,
      "units": "m",
      "hover": false
    },
    "senses": {
      "darkvision": null,
      "blindsight": null,
      "tremorsense": null,
      "truesight": null,
      "units": "m",
      "special": ""
    },
    "type": {
      "value": "humanoid"
    }
  },
  "effects": [],
  "flags": {
    "custom-dnd5e": {
      "olfato": null,
      "audicao": null,
      "sexto": null
    }
  },
  "_stats": {
    "compendiumSource": null,
    "duplicateSource": null,
    "exportSource": null,
    "coreVersion": "13.345",
    "systemId": "dnd5e",
    "systemVersion": "5.0.4",
    "modifiedTime": 1750912584572,
    "lastModifiedBy": "1z5emeMuf1JdR8Uq"
  },
  "sort": 0,
  "ownership": {
    "default": 0,
    "ldrrFEDh7PeKU8fY": 3
  }
}