{
  "folder": "lysrl3C0hCHYlchp",
  "name": "Lycanus",
  "type": "race",
  "_id": "AlvtCSrKNkpn4SUK",
  "img": "modules/odyssey/artwork/ra%C3%A7as/lycanuss.png",
  "system": {
    "description": {
      "value": "<blockquote><p style=\"text-align:justify\"><em>\"Alguns os chamam de monstros. Outros, de predadores necessários. Mas nenhum homem sábio subestima um Lycani — seja qual for sua linhagem.\"</em></p></blockquote><p style=\"text-align:justify\">Entre os reinos de <strong>Midgard, Alfheim e Vanaheim</strong>, os <strong>Lycani</strong> destacam-se como uma raça à parte da humanidade — seres marcados pela dualidade entre a forma humana e a bestial. Capazes de transformar-se parcial ou totalmente em lobos, cães ou outras criaturas caninas, eles carregam em seu sangue uma herança tão antiga quanto os próprios deuses.</p><p style=\"text-align:justify\">Existem duas espécies que o termo Lycanus engloba, os primeiros são conhecidos como <strong>Fenrisulfr</strong>, esses Lycani herdam a linhagem direta do Grande Lobo da mitologia nórdica. Sua pelagem é <strong>invariavelmente negra</strong>, e sua transformação assume a forma de um <strong>lupino poderoso</strong>, sem traços humanoides. Diferente de seus primos amaldiçoados, mantêm a lucidez mesmo em sua forma bestial.</p><p style=\"text-align:justify\">Os mais numerosos são originários da maldição de <strong>Licaão</strong>, o primeiro homem transformado em uma besta, esses Lycani são escravos de sua própria natureza. Suas transformações variam em cor, tamanho e detalhes, mas <strong>sempre assumem uma forma híbrida</strong> — um lobo humanoides de postura ereta e garras afiadas. A maioria <strong>perde o controle</strong> ao transformar-se, sucumbindo à fúria incontrolável da maldição.</p><p style=\"text-align:justify\">Os Lycani vivem em clãs secretos, escondendo sua verdadeira natureza dos olhos das civilizações. Enquanto os <strong>Fenrisulfr</strong> são misteriosos e muitas vezes nobres, os <strong>Lobisomens</strong> são frequentemente marginalizados, temidos até por seus próprios irmãos de sangue.</p><h3>Características</h3><ul><li><p><strong>Tipo</strong>: Humanoide</p></li><li><p><strong>Tamanho</strong>: 1,60m a 2,05m</p></li><li><p><strong>Lingua</strong>: Começa com uma lingua comum</p></li></ul><h3>Traços</h3><p>Como Lycanus, você recebe características únicas.</p><p><strong>Lupinização</strong>: Sendo um Fenrisulfr, você tem a habilidade de transformar-se na sua forma lupina</p><p><strong>Licantropização</strong>: Sendo um Lobisomem, você tem a habilidade de transformar-se em um licantropo</p><p><strong>Matilha</strong>: Todos os Lycani tem a capacidade de se tornarem Alfas de uma matilha, garantindo <strong>Telepatia </strong>através de uma ligação mental entre os membros da matilha e <strong>Visão Compartilhada</strong> entre os membros da matilha</p><p><strong>Sentidos Aprimorados:</strong> Você começa proficiente em Percepção e Investigação</p><p></p>",
      "chat": ""
    },
    "identifier": "lycanus",
    "source": {
      "revision": 1,
      "rules": "2024",
      "book": "Odyssey",
      "page": "",
      "custom": "",
      "license": ""
    },
    "advancement": [
      {
        "type": "AbilityScoreImprovement",
        "_id": "CqD42to7g06Dwlyt",
        "configuration": {
          "cap": 5,
          "fixed": {
            "FOR": 0,
            "DES": 0,
            "CON": 0,
            "INT": 0,
            "SAN": 0
          },
          "locked": [
            "SAN"
          ],
          "points": 5
        },
        "value": {
          "type": "asi"
        },
        "level": 0,
        "title": "Pontos Iniciais",
        "hint": ""
      },
      {
        "type": "ItemGrant",
        "_id": "82b0TVWXGMK1mwqE",
        "configuration": {
          "items": [
            {
              "uuid": "Item.xsp8U2LwdmxxTAou",
              "optional": false
            },
            {
              "uuid": "Item.USBAPL6pYTMROaOR",
              "optional": false
            }
          ],
          "optional": false,
          "spell": null
        },
        "value": {},
        "level": 0,
        "title": "Matilha",
        "hint": ""
      },
      {
        "type": "Trait",
        "_id": "C7uiKb8nMSD7bi8A",
        "configuration": {
          "allowReplacements": false,
          "choices": [],
          "grants": [
            "skills:inv",
            "skills:prc"
          ],
          "mode": "default"
        },
        "level": 0,
        "title": "Sentidos Aprimorados",
        "hint": "",
        "value": {}
      },
      {
        "type": "Trait",
        "_id": "kPr5hriSECvsFVEV",
        "configuration": {
          "allowReplacements": false,
          "choices": [],
          "grants": [
            "languages:standard:common"
          ],
          "mode": "default"
        },
        "level": 0,
        "title": "Lingua Comum",
        "hint": "",
        "value": {}
      },
      {
        "type": "ItemChoice",
        "_id": "28OYNmbzn1xnEB30",
        "configuration": {
          "allowDrops": false,
          "choices": {
            "0": {
              "count": 1,
              "replacement": false
            }
          },
          "pool": [
            {
              "uuid": "Item.wD9VRIR68U35nv3H"
            },
            {
              "uuid": "Item.ImnFmxYHQAVHW3ii"
            }
          ],
          "spell": null,
          "type": "feat",
          "restriction": {
            "type": "race"
          }
        },
        "value": {
          "added": {},
          "replaced": {}
        },
        "title": "Linhagem",
        "hint": ""
      }
    ],
    "movement": {
      "burrow": null,
      "climb": null,
      "fly": null,
      "swim": 1,
      "walk": 1,
      "units": "m",
      "hover": false
    },
    "senses": {
      "darkvision": null,
      "blindsight": null,
      "tremorsense": null,
      "truesight": null,
      "units": "m",
      "special": ""
    },
    "type": {
      "value": "humanoid"
    }
  },
  "effects": [],
  "flags": {
    "custom-dnd5e": {
      "olfato": 1,
      "audicao": null,
      "sexto": null
    }
  },
  "_stats": {
    "compendiumSource": null,
    "duplicateSource": null,
    "exportSource": null,
    "coreVersion": "13.345",
    "systemId": "dnd5e",
    "systemVersion": "5.0.4",
    "modifiedTime": 1750912584572,
    "lastModifiedBy": "1z5emeMuf1JdR8Uq"
  },
  "sort": 0,
  "ownership": {
    "default": 0,
    "ldrrFEDh7PeKU8fY": 3
  }
}