{
  "folder": "lysrl3C0hCHYlchp",
  "name": "Meio-Humano",
  "type": "race",
  "_id": "KICB5pf0QEqzTohh",
  "img": "modules/odyssey/artwork/ra%C3%A7as/halfhmn.png",
  "system": {
    "description": {
      "value": "<blockquote><p style=\"text-align:justify\"><em>\"Seu sangue não pertence a um único povo — ele é uma ponte entre reinos, uma fusão de destinos.\"</em></p></blockquote><p style=\"text-align:justify\">Entre todos os povos que habitam os Dez Reinos, os meio-humanos — também chamados de meio-sangues ou mestiços — destacam-se como a linhagem mais comum e diversificada. Sua predominância não se deve apenas ao número, mas à incrível adaptabilidade de sua essência, permitindo-lhes prosperar em praticamente qualquer ambiente, cultura ou circunstância.</p><p style=\"text-align:justify\">O que torna os meio-sangues únicos é a plasticidade do genoma humano, capaz de se fundir harmoniosamente com quase todas as outras raças dos Reinos. Essa característica deu origem a incontáveis variações, desde cambions (humanos com sangue demoníaco) até sylvanatos (mestiços de elfos e humanos), passando por híbridos de criaturas míticas, como dragões ou seres feéricos.</p><h3>Características</h3><ul><li><p><strong>Tipo</strong>: Humanoide</p></li><li><p><strong>Tamanho</strong>: Entre 1,25m e 2,5m</p></li><li><p><strong>Lingua</strong>: Começa com uma lingua comum humana da sua escolha e uma lingua falada pela sua parte não humana</p></li></ul><h3>Traços</h3><p>Como meio humano, você recebe características únicas.</p><p><strong>Herança</strong>: Você herda até duas características da sua parte não humana como habilidades</p><p><strong>Transformação: </strong>Você é capaz de se transformar parcial ou totalmente na sua parte não humana</p>",
      "chat": ""
    },
    "identifier": "meio-humano",
    "source": {
      "revision": 1,
      "rules": "2024",
      "book": "Odyssey",
      "page": "",
      "custom": "",
      "license": ""
    },
    "advancement": [
      {
        "type": "Trait",
        "_id": "dvpee8VwfzdWucJN",
        "configuration": {
          "allowReplacements": false,
          "choices": [
            {
              "count": 2,
              "pool": [
                "languages:standard:*"
              ]
            }
          ],
          "grants": [],
          "mode": "default"
        },
        "level": 0,
        "title": "Linguagem Comum",
        "hint": "",
        "value": {}
      },
      {
        "type": "AbilityScoreImprovement",
        "_id": "hAV2grBLkgKU6V3V",
        "configuration": {
          "cap": 5,
          "fixed": {
            "FOR": 0,
            "DES": 0,
            "CON": 0,
            "INT": 0,
            "SAN": 0
          },
          "locked": [
            "SAN"
          ],
          "points": 7
        },
        "value": {
          "type": "asi"
        },
        "level": 0,
        "title": "Pontos Iniciais",
        "hint": ""
      },
      {
        "type": "ItemGrant",
        "_id": "yX1zK4L9bk02sNat",
        "configuration": {
          "items": [
            {
              "uuid": "Item.qw1fqe9stCTlj7bv",
              "optional": false
            }
          ],
          "optional": false,
          "spell": null
        },
        "value": {},
        "level": 0,
        "title": "Habilidades",
        "hint": ""
      }
    ],
    "movement": {
      "burrow": null,
      "climb": null,
      "fly": null,
      "swim": 1,
      "walk": 1,
      "units": "m",
      "hover": false
    },
    "senses": {
      "darkvision": null,
      "blindsight": null,
      "tremorsense": null,
      "truesight": null,
      "units": "m",
      "special": ""
    },
    "type": {
      "value": "humanoid"
    }
  },
  "effects": [],
  "flags": {
    "custom-dnd5e": {
      "olfato": null,
      "audicao": null,
      "sexto": null
    }
  },
  "_stats": {
    "compendiumSource": null,
    "duplicateSource": null,
    "exportSource": null,
    "coreVersion": "13.345",
    "systemId": "dnd5e",
    "systemVersion": "5.0.4",
    "modifiedTime": 1750912584572,
    "lastModifiedBy": "1z5emeMuf1JdR8Uq"
  },
  "sort": 0,
  "ownership": {
    "default": 0,
    "ldrrFEDh7PeKU8fY": 3
  }
}