{
  "folder": "lysrl3C0hCHYlchp",
  "name": "Vampiro",
  "type": "race",
  "_id": "bbkA7CIF3Lc1B7aX",
  "img": "modules/odyssey/artwork/ra%C3%A7as/vampirro.png",
  "system": {
    "description": {
      "value": "<blockquote><p><em>\"Nós não somos mortos-vivos... somos a perfeição congelada entre a vida e o além.\"</em></p></blockquote><p style=\"text-align:justify\">Criados pela deusa Selene em sua própria imagem, os Vampiros Puros — também chamados de Lordes Vampiros — representam a linhagem primordial da noite. Forjados a partir dos fios de cabelo do demônio primordial Atto, apenas cinquenta desses seres imortais foram trazidos à existência, cada um deles uma obra-prima de poder e elegância sobrenatural.</p><p style=\"text-align:justify\">Diferente dos mortais, os Vampiros Puros não são seres fisicamente vivos, mas seres undead sustentados por Éther. Para manter seus corpos em pleno funcionamento, precisam absorver essa energia vital — o que geralmente fazem drenando o sangue de criaturas vivas, onde o Éther se concentra em sua forma mais pura.</p><p style=\"text-align:justify\">A maioria dos Lordes Vampiros permanece leal a Selene, servindo-a com devoção. No entanto, uma minoria abandonou seus deveres, afastando-se dos desígnios da deusa, um desses é o mais poderoso vampiro a existir: <strong>Vlad Tepes</strong></p><h3>Características</h3><ul><li><p><strong>Tipo</strong>: Humanoide</p></li><li><p><strong>Tamanho</strong>: Entre 1,45m e 1,95m</p></li><li><p><strong>Lingua: </strong>Começa com uma lingua comum da sua escolha</p></li></ul><h3>Traços</h3><p>Como Vampiro, você recebe características únicas.</p><p><strong>Benção Lunar:</strong> Como filho de Selene, você recebe o Atributo Único da sua encarnação, além do seu próprio.</p><p><strong>Maldição Solar:</strong> Você é rejeitado pelo sol, sempre que entrar em contato com a luz solar, você será enfraquecido e rolará dados com desvantagem</p><p><strong>Metamorfismo: </strong>Você é capaz de controlar e manipular seu corpo e sua forma.</p><p><strong>Perversão Vampírica</strong>: Injetando seu sangue em seres vivos, ou mortos, você pode transforma-los em vampiros menores ou ghouls, fadados a te obedecer</p><p><strong>Drenagem:</strong> Você é capaz de purificar e absorver o éther no sangue alheio para se alimentar, também pode consumir cristais de éther de purezas especificas<br /><br /><br /></p>",
      "chat": ""
    },
    "identifier": "vampiro",
    "source": {
      "revision": 1,
      "rules": "2024",
      "book": "Odyssey",
      "page": "",
      "custom": "",
      "license": ""
    },
    "advancement": [
      {
        "type": "AbilityScoreImprovement",
        "_id": "V7d2F56QhaWmPHPt",
        "configuration": {
          "cap": 5,
          "fixed": {
            "FOR": 0,
            "DES": 0,
            "CON": 0,
            "INT": 0,
            "SAN": 0
          },
          "locked": [
            "SAN"
          ],
          "points": 8
        },
        "value": {
          "type": "asi"
        },
        "level": 0,
        "title": "Pontos Iniciais",
        "hint": ""
      },
      {
        "type": "Trait",
        "_id": "0hY7MH2kz2ATCCPK",
        "configuration": {
          "allowReplacements": false,
          "choices": [],
          "grants": [
            "dv:fire"
          ],
          "mode": "default"
        },
        "level": 0,
        "title": "Maldição Solar",
        "hint": "",
        "value": {}
      },
      {
        "type": "ItemGrant",
        "_id": "LgXOSjgFf5PLvtMJ",
        "configuration": {
          "items": [
            {
              "uuid": "Item.6Hr8UlNfDozUxfa1",
              "optional": false
            },
            {
              "uuid": "Item.K25HfRxo0kuBAMZm",
              "optional": false
            },
            {
              "uuid": "Item.tnT2fDqExqSEqQTY",
              "optional": false
            }
          ],
          "optional": false,
          "spell": {
            "ability": [],
            "preparation": "",
            "uses": {
              "max": "",
              "per": "",
              "requireSlot": false
            }
          }
        },
        "value": {},
        "level": 0,
        "title": "Habilidades Vampíricas",
        "hint": ""
      },
      {
        "type": "Trait",
        "_id": "gS5j1S9ZDxVd9kpv",
        "configuration": {
          "allowReplacements": false,
          "choices": [
            {
              "count": 1,
              "pool": [
                "languages:standard:*"
              ]
            }
          ],
          "grants": [],
          "mode": "default"
        },
        "level": 0,
        "title": "Linguagem Comum",
        "hint": "",
        "value": {}
      }
    ],
    "movement": {
      "burrow": null,
      "climb": null,
      "fly": null,
      "swim": 1,
      "walk": 1,
      "units": "m",
      "hover": false
    },
    "senses": {
      "darkvision": 1,
      "blindsight": null,
      "tremorsense": null,
      "truesight": null,
      "units": "m",
      "special": ""
    },
    "type": {
      "value": "humanoid"
    }
  },
  "effects": [],
  "flags": {
    "custom-dnd5e": {
      "olfato": null,
      "audicao": null,
      "sexto": null
    }
  },
  "_stats": {
    "compendiumSource": null,
    "duplicateSource": null,
    "exportSource": null,
    "coreVersion": "13.345",
    "systemId": "dnd5e",
    "systemVersion": "5.0.4",
    "modifiedTime": 1750912584572,
    "lastModifiedBy": "1z5emeMuf1JdR8Uq"
  },
  "sort": 0,
  "ownership": {
    "default": 0,
    "ldrrFEDh7PeKU8fY": 3
  }
}