{
  "folder": "7Sb3bw05mR4XEnw1",
  "name": "Aspecto Ancestral",
  "type": "feat",
  "_id": "4E46d9Hiro2FAlnd",
  "img": "modules/odyssey/artwork/habilidades/raciais/aspecto%20ancestral.png",
  "system": {
    "activities": {},
    "uses": {
      "spent": 0,
      "recovery": [],
      "max": ""
    },
    "description": {
      "value": "<p>Sua herança provém dos primeiros dragões alados, figuras de pura majestade e caos. Suas costas revelam <strong data-start=\"715\" data-end=\"735\">asas membranosas</strong> capazes de se estender e retrair à vontade, e sua pele é coberta por <strong data-start=\"805\" data-end=\"829\">escamas iridescentes</strong> que refletem luz com tonalidades sobrenaturais.</p><p>Você possui <strong data-start=\"894\" data-end=\"914\">armadura natural</strong> e mente afiada como a de seus ancestrais — você recebe <strong data-start=\"970\" data-end=\"992\">+2 em Inteligência</strong>.</p>",
      "chat": ""
    },
    "identifier": "aspecto-ancestral",
    "source": {
      "revision": 1,
      "rules": "2024",
      "book": "Odyssey",
      "page": "",
      "custom": "",
      "license": ""
    },
    "advancement": [
      {
        "type": "AbilityScoreImprovement",
        "_id": "odtEQthEdhH4iUTd",
        "configuration": {
          "cap": 2,
          "fixed": {
            "FOR": 0,
            "DES": 0,
            "CON": 0,
            "INT": 2,
            "SAN": 0,
            "str": 0,
            "dex": 0,
            "con": 0,
            "int": 2,
            "san": 0
          },
          "locked": [],
          "points": 0
        },
        "value": {
          "type": "asi"
        },
        "level": 0,
        "title": "Inteligência",
        "hint": ""
      }
    ],
    "crewed": false,
    "enchant": {},
    "prerequisites": {
      "repeatable": false,
      "level": null
    },
    "properties": [
      "trait"
    ],
    "requirements": "Draconiano",
    "type": {
      "value": "race",
      "subtype": ""
    }
  },
  "effects": [],
  "flags": {
    "dnd5e": {
      "riders": {
        "activity": [],
        "effect": []
      }
    },
    "tidy5e-sheet": {
      "section": "",
      "actionSection": ""
    }
  },
  "_stats": {
    "compendiumSource": null,
    "duplicateSource": null,
    "exportSource": null,
    "coreVersion": "13.345",
    "systemId": "dnd5e",
    "systemVersion": "5.0.4",
    "modifiedTime": 1750912754939,
    "lastModifiedBy": "1z5emeMuf1JdR8Uq"
  },
  "sort": 0,
  "ownership": {
    "default": 0,
    "ldrrFEDh7PeKU8fY": 3
  }
}