{
  "folder": "udgpjWLmdy01XBSK",
  "name": "Aspecto Físico",
  "type": "feat",
  "_id": "UabuoxPsRK2AyZmr",
  "img": "modules/odyssey/artwork/habilidades/raciais/aspecto%20fisico.png",
  "system": {
    "activities": {},
    "uses": {
      "spent": 0,
      "recovery": [],
      "max": ""
    },
    "description": {
      "value": "<p>A linhagem demoníaca se manifesta em seu corpo. Você possui traços físicos herdados dos demônios vermelhos — chifres, pele rígida, olhos incandescentes e membros adaptados ao combate. Essa herança agressiva concede a você proficiência nas perícias <strong data-start=\"391\" data-end=\"399\">Luta</strong> e <strong data-start=\"402\" data-end=\"415\">Ocultismo</strong>, além de aumentar sua <strong data-start=\"438\" data-end=\"459\" data-is-only-node>Força em 2 pontos</strong> de forma permanente.<br data-start=\"480\" data-end=\"483\" /></p><p>Seus traços demoníacos podem ser grotescos, mas são inconfundivelmente marcados por uma origem infernal.</p>",
      "chat": ""
    },
    "identifier": "aspecto-fisico",
    "source": {
      "revision": 1,
      "rules": "2024",
      "book": "Odyssey",
      "page": "",
      "custom": "",
      "license": ""
    },
    "advancement": [
      {
        "type": "AbilityScoreImprovement",
        "_id": "DWDgGuehPXg5NrmB",
        "configuration": {
          "cap": 2,
          "fixed": {
            "FOR": 2,
            "DES": 0,
            "CON": 0,
            "INT": 0,
            "SAN": 0,
            "str": 2,
            "dex": 0,
            "con": 0,
            "int": 0,
            "san": 0
          },
          "locked": [],
          "points": 0
        },
        "value": {
          "type": "asi"
        },
        "level": 0,
        "title": "Força",
        "hint": ""
      }
    ],
    "crewed": false,
    "enchant": {},
    "prerequisites": {
      "repeatable": false,
      "level": null
    },
    "properties": [
      "trait"
    ],
    "requirements": "Demonio",
    "type": {
      "value": "race",
      "subtype": ""
    }
  },
  "effects": [],
  "flags": {
    "dnd5e": {
      "riders": {
        "activity": [],
        "effect": []
      }
    },
    "tidy5e-sheet": {
      "section": "",
      "actionSection": ""
    }
  },
  "_stats": {
    "compendiumSource": null,
    "duplicateSource": null,
    "exportSource": null,
    "coreVersion": "13.345",
    "systemId": "dnd5e",
    "systemVersion": "5.0.4",
    "modifiedTime": 1750912754939,
    "lastModifiedBy": "1z5emeMuf1JdR8Uq"
  },
  "sort": 0,
  "ownership": {
    "default": 0,
    "ldrrFEDh7PeKU8fY": 3
  }
}