{
  "folder": "7Sb3bw05mR4XEnw1",
  "name": "Aspecto Primordial",
  "type": "feat",
  "_id": "BsQqxMsUMf3NeS6O",
  "img": "modules/odyssey/artwork/habilidades/raciais/aspecto%20primordial.png",
  "system": {
    "activities": {},
    "uses": {
      "spent": 0,
      "recovery": [],
      "max": ""
    },
    "description": {
      "value": "<p>Sua linhagem demoníaca remonta aos primeiros Titãs do Inferno. Você manifesta diversos pares de chifres que se projetam de sua cabeça em ângulos ancestrais e ameaçadores. Sua carne se entrelaça com energia abissal, formando uma <strong data-start=\"403\" data-end=\"430\">armadura mágica natural</strong> que protege seu corpo mesmo sem equipamento.</p><p>Além disso, seu corpo é brutalmente resistente — você recebe <strong data-start=\"541\" data-end=\"563\">+2 em Constituição</strong>.</p>",
      "chat": ""
    },
    "identifier": "aspecto-primordial",
    "source": {
      "revision": 1,
      "rules": "2024",
      "book": "Odyssey",
      "page": "",
      "custom": "",
      "license": ""
    },
    "advancement": [
      {
        "type": "AbilityScoreImprovement",
        "_id": "ah31zZAYNZ8ES84V",
        "configuration": {
          "cap": 2,
          "fixed": {
            "FOR": 0,
            "DES": 0,
            "CON": 2,
            "INT": 0,
            "SAN": 0,
            "str": 0,
            "dex": 0,
            "con": 2,
            "int": 0,
            "san": 0
          },
          "locked": [],
          "points": 0
        },
        "value": {
          "type": "asi"
        },
        "level": 0,
        "title": "Constituição",
        "hint": ""
      }
    ],
    "crewed": false,
    "enchant": {},
    "prerequisites": {
      "repeatable": false,
      "level": null
    },
    "properties": [
      "trait"
    ],
    "requirements": "Draconiano",
    "type": {
      "value": "race",
      "subtype": ""
    }
  },
  "effects": [],
  "flags": {
    "dnd5e": {
      "riders": {
        "activity": [],
        "effect": []
      }
    },
    "tidy5e-sheet": {
      "section": "",
      "actionSection": ""
    }
  },
  "_stats": {
    "compendiumSource": null,
    "duplicateSource": null,
    "exportSource": null,
    "coreVersion": "13.345",
    "systemId": "dnd5e",
    "systemVersion": "5.0.4",
    "modifiedTime": 1750912754939,
    "lastModifiedBy": "1z5emeMuf1JdR8Uq"
  },
  "sort": 0,
  "ownership": {
    "default": 0,
    "ldrrFEDh7PeKU8fY": 3
  }
}