{
  "folder": "lYV4GlChOepXqeGk",
  "name": "Aura Rubra",
  "type": "spell",
  "_id": "pK7BqzDvW87hexOt",
  "img": "systems/dnd5e/icons/svg/items/spell.svg",
  "system": {
    "activities": {},
    "uses": {
      "spent": 0,
      "recovery": [],
      "max": ""
    },
    "description": {
      "value": "",
      "chat": ""
    },
    "identifier": "new-item",
    "source": {
      "revision": 1,
      "rules": "2024",
      "book": "Odyssey",
      "page": "",
      "custom": "",
      "license": ""
    },
    "activation": {
      "type": "bonus",
      "condition": ""
    },
    "duration": {
      "units": "disp"
    },
    "level": 0,
    "materials": {
      "value": "",
      "consumed": false,
      "cost": 0,
      "supply": 0
    },
    "preparation": {
      "mode": "atwill",
      "prepared": false
    },
    "properties": [
      "vocal"
    ],
    "range": {
      "units": "self",
      "special": ""
    },
    "school": "evo",
    "target": {
      "template": {
        "contiguous": false,
        "units": "m",
        "type": "radius",
        "size": "1",
        "count": "1"
      },
      "affects": {
        "choice": true,
        "type": "self",
        "special": ""
      }
    }
  },
  "effects": [],
  "flags": {
    "dnd5e": {
      "riders": {
        "activity": [],
        "effect": []
      }
    }
  },
  "_stats": {
    "compendiumSource": null,
    "duplicateSource": null,
    "exportSource": null,
    "coreVersion": "13.345",
    "systemId": "dnd5e",
    "systemVersion": "5.0.4",
    "modifiedTime": 1750912754939,
    "lastModifiedBy": "1z5emeMuf1JdR8Uq"
  },
  "sort": 0,
  "ownership": {
    "default": 0,
    "ldrrFEDh7PeKU8fY": 3
  }
}