{
  "folder": "7Sb3bw05mR4XEnw1",
  "name": "Dragonificação",
  "type": "feat",
  "_id": "ZobKq1c9mdR7iWly",
  "img": "modules/odyssey/artwork/habilidades/raciais/dragonifica%C3%A7%C3%A3o.png",
  "system": {
    "activities": {},
    "uses": {
      "spent": 0,
      "recovery": [],
      "max": ""
    },
    "description": {
      "value": "",
      "chat": ""
    },
    "identifier": "dragonificacao",
    "source": {
      "revision": 1,
      "rules": "2024",
      "book": "Odyssey",
      "page": "",
      "custom": "",
      "license": ""
    },
    "advancement": [],
    "crewed": false,
    "enchant": {},
    "prerequisites": {
      "repeatable": false,
      "level": null
    },
    "properties": [
      "mgc"
    ],
    "requirements": "Draconiano",
    "type": {
      "value": "race",
      "subtype": ""
    }
  },
  "effects": [],
  "flags": {
    "dnd5e": {
      "riders": {
        "activity": [],
        "effect": []
      }
    }
  },
  "_stats": {
    "compendiumSource": null,
    "duplicateSource": null,
    "exportSource": null,
    "coreVersion": "13.345",
    "systemId": "dnd5e",
    "systemVersion": "5.0.4",
    "modifiedTime": 1750912754939,
    "lastModifiedBy": "1z5emeMuf1JdR8Uq"
  },
  "sort": 0,
  "ownership": {
    "default": 0,
    "ldrrFEDh7PeKU8fY": 3
  }
}