{
  "folder": "DcDr36sNIFpf61ve",
  "name": "Marca da Serpente (Francisco)",
  "type": "class",
  "_id": "Y7Lc7XggitLcEuyl",
  "img": "systems/dnd5e/icons/svg/items/class.svg",
  "system": {
    "description": {
      "value": "",
      "chat": ""
    },
    "identifier": "marca-da-serpente",
    "source": {
      "revision": 1,
      "rules": "2024",
      "book": "Odyssey",
      "page": "",
      "custom": "",
      "license": ""
    },
    "startingEquipment": [],
    "levels": 1,
    "primaryAbility": {
      "value": [],
      "all": true
    },
    "hd": {
      "additional": "",
      "denomination": "d6",
      "spent": 0
    },
    "advancement": [],
    "spellcasting": {
      "progression": "none",
      "preparation": {
        "formula": ""
      },
      "ability": ""
    },
    "wealth": ""
  },
  "effects": [],
  "flags": {},
  "_stats": {
    "compendiumSource": null,
    "duplicateSource": null,
    "exportSource": null,
    "coreVersion": "13.345",
    "systemId": "dnd5e",
    "systemVersion": "5.0.4",
    "modifiedTime": 1750912754939,
    "lastModifiedBy": "1z5emeMuf1JdR8Uq"
  },
  "sort": 0,
  "ownership": {
    "default": 0,
    "ldrrFEDh7PeKU8fY": 3
  }
}