{
  "folder": "rSpiq4f7DAnSQuiW",
  "name": "Titanificação",
  "type": "feat",
  "_id": "BgPkDiNWqo1O9YeD",
  "img": "modules/odyssey/artwork/habilidades/raciais/titanifica%C3%A7%C3%A3o.png",
  "system": {
    "activities": {},
    "uses": {
      "spent": 0,
      "recovery": [],
      "max": ""
    },
    "description": {
      "value": "<p>Como uma ação bônus, você se transforma em sua forma de Titã, revelando todo o seu poder ancestral. Seu corpo se agiganta, seus traços se tornam monstruosos ou majestosos, e seu token é substituído temporariamente pela versão transformada. Enquanto estiver na forma titânica, você recebe melhorias físicas e visuais definidas pela sua linhagem ou espécie. Essa forma dura até o fim do combate ou até você revertê-la como uma ação bônus.</p><p>Sua aparência é definida pela descrição do jogador.</p><p>Você só pode utilizar esta habilidade uma vez por descanso longo.</p>",
      "chat": ""
    },
    "identifier": "titanificacao",
    "source": {
      "revision": 1,
      "rules": "2024",
      "book": "Odyssey",
      "page": "",
      "custom": "",
      "license": ""
    },
    "advancement": [],
    "crewed": false,
    "enchant": {},
    "prerequisites": {
      "repeatable": false,
      "level": null
    },
    "properties": [
      "mgc"
    ],
    "requirements": "Aegis",
    "type": {
      "value": "race",
      "subtype": ""
    }
  },
  "effects": [],
  "flags": {
    "dnd5e": {
      "riders": {
        "activity": [],
        "effect": []
      }
    },
    "tidy5e-sheet": {
      "section": "",
      "actionSection": ""
    }
  },
  "_stats": {
    "compendiumSource": null,
    "duplicateSource": null,
    "exportSource": null,
    "coreVersion": "13.345",
    "systemId": "dnd5e",
    "systemVersion": "5.0.4",
    "modifiedTime": 1750912754939,
    "lastModifiedBy": "1z5emeMuf1JdR8Uq"
  },
  "sort": 0,
  "ownership": {
    "default": 0,
    "ldrrFEDh7PeKU8fY": 3
  }
}