{
  "folder": "DcDr36sNIFpf61ve",
  "name": "Vínculo Sacrificial",
  "type": "feat",
  "_id": "v6yY7JUm9WTMN6hc",
  "img": "systems/dnd5e/icons/svg/items/feature.svg",
  "system": {
    "activities": {},
    "uses": {
      "spent": 0,
      "recovery": [],
      "max": ""
    },
    "description": {
      "value": "",
      "chat": ""
    },
    "identifier": "vinculo-sacrificial",
    "source": {
      "revision": 1,
      "rules": "2024",
      "book": "Odyssey",
      "page": "",
      "custom": "",
      "license": ""
    },
    "advancement": [],
    "crewed": false,
    "enchant": {
      "max": "",
      "period": ""
    },
    "prerequisites": {
      "repeatable": false,
      "level": null
    },
    "properties": [
      "mgc",
      "trait"
    ],
    "requirements": "",
    "type": {
      "value": "enchantment",
      "subtype": ""
    }
  },
  "effects": [
    {
      "name": "Vínculo Sacrificial",
      "img": "systems/dnd5e/icons/svg/items/feature.svg",
      "origin": "Item.v6yY7JUm9WTMN6hc",
      "_id": "YO63Xmym2f9OTDFf",
      "type": "base",
      "system": {},
      "changes": [],
      "disabled": false,
      "duration": {
        "startTime": null,
        "combat": null
      },
      "description": "",
      "tint": "#ffffff",
      "transfer": true,
      "statuses": [],
      "sort": 0,
      "flags": {},
      "_stats": {
        "compendiumSource": null,
        "duplicateSource": null,
        "exportSource": null,
        "coreVersion": "13.345",
        "systemId": "dnd5e",
        "systemVersion": "5.0.3",
        "lastModifiedBy": null
      }
    }
  ],
  "flags": {
    "dnd5e": {
      "riders": {
        "activity": [],
        "effect": []
      }
    }
  },
  "_stats": {
    "compendiumSource": null,
    "duplicateSource": null,
    "exportSource": null,
    "coreVersion": "13.345",
    "systemId": "dnd5e",
    "systemVersion": "5.0.4",
    "modifiedTime": 1750912754939,
    "lastModifiedBy": "1z5emeMuf1JdR8Uq"
  },
  "sort": 0,
  "ownership": {
    "default": 0,
    "ldrrFEDh7PeKU8fY": 3
  }
}