{
  "folder": "DcDr36sNIFpf61ve",
  "name": "Voto de Dominio",
  "type": "feat",
  "_id": "8LfqOGBIWdIwaGqE",
  "img": "systems/dnd5e/icons/svg/items/feature.svg",
  "system": {
    "activities": {},
    "uses": {
      "spent": 0,
      "recovery": []
    },
    "description": {
      "value": "",
      "chat": ""
    },
    "identifier": "voto-de-dominio",
    "source": {
      "revision": 1,
      "rules": "2024"
    },
    "advancement": [],
    "crewed": false,
    "enchant": {},
    "prerequisites": {
      "repeatable": false
    },
    "properties": [],
    "requirements": "",
    "type": {
      "value": "",
      "subtype": ""
    }
  },
  "effects": [],
  "flags": {
    "dnd5e": {
      "riders": {
        "activity": [],
        "effect": []
      }
    }
  },
  "_stats": {
    "compendiumSource": null,
    "duplicateSource": null,
    "exportSource": null,
    "coreVersion": "13.345",
    "systemId": "dnd5e",
    "systemVersion": "5.0.4",
    "modifiedTime": 1750912754939,
    "lastModifiedBy": "1z5emeMuf1JdR8Uq"
  },
  "sort": 0,
  "ownership": {
    "default": 0,
    "ldrrFEDh7PeKU8fY": 3
  }
}