{
  "name": "NPC 1",
  "type": "npc",
  "_id": "ufgkDTxcPpPC1Jum",
  "img": "icons/svg/mystery-man.svg",
  "system": {
    "currency": {
      "pp": 0,
      "gp": 0,
      "ep": 0,
      "sp": 0,
      "cp": 0
    },
    "abilities": {
      "str": {
        "value": 10,
        "proficient": 0,
        "max": null,
        "bonuses": {
          "check": "",
          "save": ""
        },
        "check": {
          "roll": {
            "min": null,
            "max": null,
            "mode": 0
          }
        },
        "save": {
          "roll": {
            "min": null,
            "max": null,
            "mode": 0
          }
        }
      },
      "dex": {
        "value": 10,
        "proficient": 0,
        "max": null,
        "bonuses": {
          "check": "",
          "save": ""
        },
        "check": {
          "roll": {
            "min": null,
            "max": null,
            "mode": 0
          }
        },
        "save": {
          "roll": {
            "min": null,
            "max": null,
            "mode": 0
          }
        }
      },
      "con": {
        "value": 10,
        "proficient": 0,
        "max": null,
        "bonuses": {
          "check": "",
          "save": ""
        },
        "check": {
          "roll": {
            "min": null,
            "max": null,
            "mode": 0
          }
        },
        "save": {
          "roll": {
            "min": null,
            "max": null,
            "mode": 0
          }
        }
      },
      "int": {
        "value": 10,
        "proficient": 0,
        "max": null,
        "bonuses": {
          "check": "",
          "save": ""
        },
        "check": {
          "roll": {
            "min": null,
            "max": null,
            "mode": 0
          }
        },
        "save": {
          "roll": {
            "min": null,
            "max": null,
            "mode": 0
          }
        }
      },
      "san": {
        "value": 10,
        "proficient": 0,
        "max": null,
        "bonuses": {
          "check": "",
          "save": ""
        },
        "check": {
          "roll": {
            "min": null,
            "max": null,
            "mode": 0
          }
        },
        "save": {
          "roll": {
            "min": null,
            "max": null,
            "mode": 0
          }
        }
      }
    },
    "bonuses": {
      "mwak": {
        "attack": "",
        "damage": ""
      },
      "rwak": {
        "attack": "",
        "damage": ""
      },
      "msak": {
        "attack": "",
        "damage": ""
      },
      "rsak": {
        "attack": "",
        "damage": ""
      },
      "abilities": {
        "check": "",
        "save": "",
        "skill": ""
      },
      "spell": {
        "dc": ""
      }
    },
    "skills": {
      "acr": {
        "ability": "dex",
        "roll": {
          "min": null,
          "max": null,
          "mode": 0
        },
        "value": 0,
        "bonuses": {
          "check": "",
          "passive": ""
        }
      },
      "ani": {
        "ability": "wis",
        "roll": {
          "min": null,
          "max": null,
          "mode": 0
        },
        "value": 0,
        "bonuses": {
          "check": "",
          "passive": ""
        }
      },
      "arc": {
        "ability": "int",
        "roll": {
          "min": null,
          "max": null,
          "mode": 0
        },
        "value": 0,
        "bonuses": {
          "check": "",
          "passive": ""
        }
      },
      "ath": {
        "ability": "str",
        "roll": {
          "min": null,
          "max": null,
          "mode": 0
        },
        "value": 0,
        "bonuses": {
          "check": "",
          "passive": ""
        }
      },
      "dec": {
        "ability": "cha",
        "roll": {
          "min": null,
          "max": null,
          "mode": 0
        },
        "value": 0,
        "bonuses": {
          "check": "",
          "passive": ""
        }
      },
      "eso": {
        "ability": "int",
        "roll": {
          "min": null,
          "max": null,
          "mode": 0
        },
        "value": 0,
        "bonuses": {
          "check": "",
          "passive": ""
        }
      },
      "his": {
        "ability": "int",
        "roll": {
          "min": null,
          "max": null,
          "mode": 0
        },
        "value": 0,
        "bonuses": {
          "check": "",
          "passive": ""
        }
      },
      "ins": {
        "ability": "wis",
        "roll": {
          "min": null,
          "max": null,
          "mode": 0
        },
        "value": 0,
        "bonuses": {
          "check": "",
          "passive": ""
        }
      },
      "itm": {
        "ability": "cha",
        "roll": {
          "min": null,
          "max": null,
          "mode": 0
        },
        "value": 0,
        "bonuses": {
          "check": "",
          "passive": ""
        }
      },
      "inv": {
        "ability": "int",
        "roll": {
          "min": null,
          "max": null,
          "mode": 0
        },
        "value": 0,
        "bonuses": {
          "check": "",
          "passive": ""
        }
      },
      "med": {
        "ability": "wis",
        "roll": {
          "min": null,
          "max": null,
          "mode": 0
        },
        "value": 0,
        "bonuses": {
          "check": "",
          "passive": ""
        }
      },
      "nat": {
        "ability": "int",
        "roll": {
          "min": null,
          "max": null,
          "mode": 0
        },
        "value": 0,
        "bonuses": {
          "check": "",
          "passive": ""
        }
      },
      "occ": {
        "ability": "int",
        "roll": {
          "min": null,
          "max": null,
          "mode": 0
        },
        "value": 0,
        "bonuses": {
          "check": "",
          "passive": ""
        }
      },
      "prc": {
        "ability": "wis",
        "roll": {
          "min": null,
          "max": null,
          "mode": 0
        },
        "value": 0,
        "bonuses": {
          "check": "",
          "passive": ""
        }
      },
      "prf": {
        "ability": "cha",
        "roll": {
          "min": null,
          "max": null,
          "mode": 0
        },
        "value": 0,
        "bonuses": {
          "check": "",
          "passive": ""
        }
      },
      "per": {
        "ability": "cha",
        "roll": {
          "min": null,
          "max": null,
          "mode": 0
        },
        "value": 0,
        "bonuses": {
          "check": "",
          "passive": ""
        }
      },
      "rel": {
        "ability": "int",
        "roll": {
          "min": null,
          "max": null,
          "mode": 0
        },
        "value": 0,
        "bonuses": {
          "check": "",
          "passive": ""
        }
      },
      "slt": {
        "ability": "dex",
        "roll": {
          "min": null,
          "max": null,
          "mode": 0
        },
        "value": 0,
        "bonuses": {
          "check": "",
          "passive": ""
        }
      },
      "ste": {
        "ability": "dex",
        "roll": {
          "min": null,
          "max": null,
          "mode": 0
        },
        "value": 0,
        "bonuses": {
          "check": "",
          "passive": ""
        }
      },
      "sur": {
        "ability": "wis",
        "roll": {
          "min": null,
          "max": null,
          "mode": 0
        },
        "value": 0,
        "bonuses": {
          "check": "",
          "passive": ""
        }
      },
      "mel": {
        "ability": "str",
        "roll": {
          "min": null,
          "max": null,
          "mode": 0
        },
        "value": 0,
        "bonuses": {
          "check": "",
          "passive": ""
        }
      }
    },
    "tools": {},
    "spells": {
      "spell1": {
        "value": 0
      },
      "spell2": {
        "value": 0
      },
      "spell3": {
        "value": 0
      },
      "spell4": {
        "value": 0
      },
      "spell5": {
        "value": 0
      },
      "spell6": {
        "value": 0
      },
      "spell7": {
        "value": 0
      },
      "spell8": {
        "value": 0
      },
      "spell9": {
        "value": 0
      },
      "pact": {
        "value": 0
      }
    },
    "attributes": {
      "ac": {
        "calc": "default"
      },
      "init": {
        "ability": "",
        "roll": {
          "min": null,
          "max": null,
          "mode": 0
        },
        "bonus": ""
      },
      "movement": {
        "burrow": null,
        "climb": null,
        "fly": null,
        "swim": null,
        "walk": null,
        "units": null,
        "hover": false
      },
      "attunement": {
        "max": 3
      },
      "senses": {
        "darkvision": null,
        "blindsight": null,
        "tremorsense": null,
        "truesight": null,
        "units": null,
        "special": ""
      },
      "spellcasting": "",
      "exhaustion": 0,
      "concentration": {
        "ability": "",
        "roll": {
          "min": null,
          "max": null,
          "mode": 0
        },
        "bonuses": {
          "save": ""
        },
        "limit": 1
      },
      "loyalty": {},
      "hd": {
        "spent": 0
      },
      "hp": {
        "value": 10,
        "max": 10,
        "temp": null,
        "tempmax": null,
        "formula": ""
      },
      "death": {
        "roll": {
          "min": null,
          "max": null,
          "mode": 0
        },
        "success": 0,
        "failure": 0,
        "bonuses": {
          "save": ""
        }
      },
      "spell": {
        "level": 0
      }
    },
    "details": {
      "biography": {
        "value": "",
        "public": ""
      },
      "alignment": "",
      "ideal": "",
      "bond": "",
      "flaw": "",
      "race": null,
      "type": {},
      "habitat": {
        "value": [],
        "custom": ""
      },
      "cr": 1,
      "treasure": {
        "value": []
      }
    },
    "resources": {
      "legact": {
        "value": 0,
        "max": 0
      },
      "legres": {
        "value": 0,
        "max": 0
      },
      "lair": {
        "value": false,
        "initiative": null,
        "inside": false
      }
    },
    "source": {
      "revision": 1,
      "rules": "2024",
      "book": "Odyssey",
      "page": "",
      "custom": "",
      "license": ""
    },
    "traits": {
      "size": "med",
      "di": {
        "value": [],
        "custom": "",
        "bypasses": []
      },
      "dr": {
        "value": [],
        "custom": "",
        "bypasses": []
      },
      "dv": {
        "value": [],
        "custom": "",
        "bypasses": []
      },
      "dm": {
        "amount": {},
        "bypasses": []
      },
      "ci": {
        "value": [],
        "custom": ""
      },
      "languages": {
        "value": [],
        "custom": "",
        "communication": {}
      },
      "important": false
    }
  },
  "prototypeToken": {
    "name": "NPC 1",
    "displayName": 0,
    "actorLink": false,
    "width": 1,
    "height": 1,
    "texture": {
      "src": "icons/svg/mystery-man.svg",
      "anchorX": 0.5,
      "anchorY": 0.5,
      "offsetX": 0,
      "offsetY": 0,
      "fit": "contain",
      "scaleX": 1,
      "scaleY": 1,
      "rotation": 0,
      "tint": "#ffffff",
      "alphaThreshold": 0.75
    },
    "lockRotation": false,
    "rotation": 0,
    "alpha": 1,
    "disposition": -1,
    "displayBars": 0,
    "bar1": {
      "attribute": "attributes.hp"
    },
    "bar2": {
      "attribute": null
    },
    "light": {
      "negative": false,
      "priority": 0,
      "alpha": 0.5,
      "angle": 360,
      "bright": 0,
      "color": null,
      "coloration": 1,
      "dim": 0,
      "attenuation": 0.5,
      "luminosity": 0.5,
      "saturation": 0,
      "contrast": 0,
      "shadows": 0,
      "animation": {
        "type": null,
        "speed": 5,
        "intensity": 5,
        "reverse": false
      },
      "darkness": {
        "min": 0,
        "max": 1
      }
    },
    "sight": {
      "enabled": false,
      "range": 0,
      "angle": 360,
      "visionMode": "basic",
      "color": null,
      "attenuation": 0.1,
      "brightness": 0,
      "saturation": 0,
      "contrast": 0
    },
    "detectionModes": [],
    "occludable": {
      "radius": 0
    },
    "ring": {
      "enabled": false,
      "colors": {
        "ring": null,
        "background": null
      },
      "effects": 1,
      "subject": {
        "scale": 1,
        "texture": null
      }
    },
    "turnMarker": {
      "mode": 1,
      "animation": null,
      "src": null,
      "disposition": false
    },
    "movementAction": null,
    "flags": {},
    "randomImg": false,
    "appendNumber": false,
    "prependAdjective": false
  },
  "items": [],
  "effects": [],
  "folder": null,
  "sort": 0,
  "ownership": {
    "default": 0,
    "1z5emeMuf1JdR8Uq": 3
  },
  "flags": {},
  "_stats": {
    "compendiumSource": null,
    "duplicateSource": null,
    "exportSource": null,
    "coreVersion": "13.345",
    "systemId": "dnd5e",
    "systemVersion": "5.0.4",
    "createdTime": 1750906091086,
    "modifiedTime": 1750906106262,
    "lastModifiedBy": "1z5emeMuf1JdR8Uq"
  }
}