{
  "folder": "U6keTNLtbLbYGH8t",
  "name": "Espadachim",
  "type": "class",
  "_id": "V8AnGugi2obzuDlv",
  "img": "modules/odyssey/artwork/atributos/especializa%C3%A7%C3%A3o/espadachim.png",
  "system": {
    "description": {
      "value": "",
      "chat": ""
    },
    "identifier": "espadachim",
    "source": {
      "revision": 1,
      "rules": "2024",
      "book": "Odyssey",
      "page": "",
      "custom": "",
      "license": ""
    },
    "startingEquipment": [],
    "levels": 1,
    "primaryAbility": {
      "value": [],
      "all": true
    },
    "hd": {
      "additional": "",
      "denomination": "d6",
      "spent": 0
    },
    "advancement": [],
    "spellcasting": {
      "progression": "none",
      "preparation": {
        "formula": ""
      },
      "ability": ""
    },
    "wealth": ""
  },
  "effects": [],
  "flags": {},
  "_stats": {
    "compendiumSource": null,
    "duplicateSource": null,
    "exportSource": null,
    "coreVersion": "13.345",
    "systemId": "dnd5e",
    "systemVersion": "5.0.3",
    "modifiedTime": 1750895548127,
    "lastModifiedBy": "ldrrFEDh7PeKU8fY"
  },
  "sort": 0,
  "ownership": {
    "default": 0,
    "ldrrFEDh7PeKU8fY": 3
  }
}